129488;چیزهایی که برای هیچ کس تعریف نکردم (قسمت دوم);790,000 ریال;https://shahreketabonline.com/images/ProductImages/129488.jpg
69330;پلاک 52;220,000 ریال;https://shahreketabonline.com/images/ProductImages/69330.jpg
66712;یلداترین شب;200,000 ریال;https://shahreketabonline.com/images/ProductImages/66712.jpg
66481;همه زن بودنم پیشکش;170,000 ریال;https://shahreketabonline.com/images/ProductImages/66481.jpg
66422;در قاب خاطرات;290,000 ریال;https://shahreketabonline.com/images/ProductImages/66422.jpg
66367;برگ های سبز بید;320,000 ریال;https://shahreketabonline.com/images/ProductImages/66367.jpg
129142;سقوط برای پرواز;4,450,000 ریال;https://shahreketabonline.com/images/ProductImages/129142.jpg
129140;جهاندختم ;3,250,000 ریال;https://shahreketabonline.com/images/ProductImages/129140.jpg
129135;در جستجوی خانه;1,450,000 ریال;https://shahreketabonline.com/images/ProductImages/129135.jpg
129115;کوچ شامار;1,000,000 ریال;https://shahreketabonline.com/images/ProductImages/129115.jpg
128958;سوختن;1,980,000 ریال;https://shahreketabonline.com/images/ProductImages/128958.jpg
128899;دیو محله ;1,160,000 ریال;https://shahreketabonline.com/images/ProductImages/128899.jpg
128857;عشق افلاطونی;820,000 ریال;https://shahreketabonline.com/images/ProductImages/128857.jpg
128840;سیاژ;5,500,000 ریال;https://shahreketabonline.com/images/ProductImages/128840.jpg
129359;به کجا چنین شتابان ;4,700,000 ریال;https://shahreketabonline.com/images/ProductImages/129359.jpg
129210;از طرف او;5,950,000 ریال;https://shahreketabonline.com/images/ProductImages/129210.jpg
129141;پاسوز ;3,300,000 ریال;https://shahreketabonline.com/images/ProductImages/129141.jpg
129139;کتاب سخنگو برف  راه  بی ردپایی (دل سروده های رضا بابک)  (صوتی);1,360,000 ریال;https://shahreketabonline.com/images/ProductImages/129139.jpg
129137;کتاب سخنگو اگر می دانستی تا کی زنده هستی .  .  .  (صوتی);1,360,000 ریال;https://shahreketabonline.com/images/ProductImages/129137.jpg
129136;هرچند کوتاه (2زبانه);850,000 ریال;https://shahreketabonline.com/images/ProductImages/129136.jpg
129109;مجموعه شرلوک هولمز در ایران (4جلدی);3,000,000 ریال;https://shahreketabonline.com/images/ProductImages/129109.jpg
129089;قاصد پاییز ;6,000,000 ریال;https://shahreketabonline.com/images/ProductImages/129089.jpg
9741;366 روز با پیامبر عزیزمان   ماه اول;680,000 ریال;https://shahreketabonline.com/images/ProductImages/9741.jpg
11313;بقچه(2جلدی);12,500,000 ریال;https://shahreketabonline.com/images/ProductImages/11313.jpg
7291;لبخند انار;450,000 ریال;https://shahreketabonline.com/images/ProductImages/7291.jpg
5539;نه تر و نه خشک;300,000 ریال;https://shahreketabonline.com/images/ProductImages/5539.jpg
9984;رازهای زیر تاک;80,000 ریال;https://shahreketabonline.com/images/ProductImages/9984.jpg
11137;با سرود خوان جنگ;1,450,000 ریال;https://shahreketabonline.com/images/ProductImages/11137.jpg
7346;مدار صفر درجه;9,500,000 ریال;https://shahreketabonline.com/images/ProductImages/7346.jpg
10508;قسم نخور;65,000 ریال;https://shahreketabonline.com/images/ProductImages/10508.jpg
9476;رضا جان خوش آمدی;150,000 ریال;https://shahreketabonline.com/images/ProductImages/9476.jpg
128678;تکه های طلا (365 حکایت دینی کوتاه);2,800,000 ریال;https://shahreketabonline.com/images/ProductImages/128678.jpg
128636;خفه خون;2,000,000 ریال;https://shahreketabonline.com/images/ProductImages/128636.jpg
66905;دیوانه ها بهتر عاشق می شوند;145,000 ریال;https://shahreketabonline.com/images/ProductImages/66905.jpg
66594;از تو به تو نزدیک تر;100,000 ریال;https://shahreketabonline.com/images/ProductImages/66594.jpg
66363;آخرین فرصت عاشقی جارجیل;180,000 ریال;https://shahreketabonline.com/images/ProductImages/66363.jpg
66289;مزایده;220,000 ریال;https://shahreketabonline.com/images/ProductImages/66289.jpg
66284;اتاق ابدی;180,000 ریال;https://shahreketabonline.com/images/ProductImages/66284.jpg
128738;کابوسم نباش;2,800,000 ریال;https://shahreketabonline.com/images/ProductImages/128738.jpg
128620;پریان دره ی انار;3,850,000 ریال;https://shahreketabonline.com/images/ProductImages/128620.jpg
128497;آهو (یک داستان عاشقانه);1,850,000 ریال;https://shahreketabonline.com/images/ProductImages/128497.jpg
128496;راز مرگ امیرعلی فرزانه;980,000 ریال;https://shahreketabonline.com/images/ProductImages/128496.jpg
128491;روایت های نامعتبر;1,360,000 ریال;https://shahreketabonline.com/images/ProductImages/128491.jpg
9789648223576;از راه و رفته و رفتار ;5,200,000 ریال;https://shahreketabonline.com/images/ProductImages/9789648223576.jpg
128414;ارزیابی شتابزده ;1,250,000 ریال;https://shahreketabonline.com/images/ProductImages/128414.jpg
129210;از طرف او;5,950,000 ریال;https://shahreketabonline.com/images/ProductImages/129210.jpg
129141;پاسوز ;3,300,000 ریال;https://shahreketabonline.com/images/ProductImages/129141.jpg
129139;کتاب سخنگو برف  راه  بی ردپایی (دل سروده های رضا بابک)  (صوتی);1,360,000 ریال;https://shahreketabonline.com/images/ProductImages/129139.jpg
129137;کتاب سخنگو اگر می دانستی تا کی زنده هستی .  .  .  (صوتی);1,360,000 ریال;https://shahreketabonline.com/images/ProductImages/129137.jpg
129136;هرچند کوتاه (2زبانه);850,000 ریال;https://shahreketabonline.com/images/ProductImages/129136.jpg
129109;مجموعه شرلوک هولمز در ایران (4جلدی);3,000,000 ریال;https://shahreketabonline.com/images/ProductImages/129109.jpg
129089;قاصد پاییز ;6,000,000 ریال;https://shahreketabonline.com/images/ProductImages/129089.jpg
9741;366 روز با پیامبر عزیزمان   ماه اول;680,000 ریال;https://shahreketabonline.com/images/ProductImages/9741.jpg
11313;بقچه(2جلدی);12,500,000 ریال;https://shahreketabonline.com/images/ProductImages/11313.jpg
7291;لبخند انار;450,000 ریال;https://shahreketabonline.com/images/ProductImages/7291.jpg
5539;نه تر و نه خشک;300,000 ریال;https://shahreketabonline.com/images/ProductImages/5539.jpg
9984;رازهای زیر تاک;80,000 ریال;https://shahreketabonline.com/images/ProductImages/9984.jpg
11137;با سرود خوان جنگ;1,450,000 ریال;https://shahreketabonline.com/images/ProductImages/11137.jpg
7346;مدار صفر درجه;9,500,000 ریال;https://shahreketabonline.com/images/ProductImages/7346.jpg
10508;قسم نخور;65,000 ریال;https://shahreketabonline.com/images/ProductImages/10508.jpg
9476;رضا جان خوش آمدی;150,000 ریال;https://shahreketabonline.com/images/ProductImages/9476.jpg
128678;تکه های طلا (365 حکایت دینی کوتاه);2,800,000 ریال;https://shahreketabonline.com/images/ProductImages/128678.jpg
128636;خفه خون;2,000,000 ریال;https://shahreketabonline.com/images/ProductImages/128636.jpg
66905;دیوانه ها بهتر عاشق می شوند;145,000 ریال;https://shahreketabonline.com/images/ProductImages/66905.jpg
66594;از تو به تو نزدیک تر;100,000 ریال;https://shahreketabonline.com/images/ProductImages/66594.jpg
66363;آخرین فرصت عاشقی جارجیل;180,000 ریال;https://shahreketabonline.com/images/ProductImages/66363.jpg
66289;مزایده;220,000 ریال;https://shahreketabonline.com/images/ProductImages/66289.jpg
66284;اتاق ابدی;180,000 ریال;https://shahreketabonline.com/images/ProductImages/66284.jpg
128738;کابوسم نباش;2,800,000 ریال;https://shahreketabonline.com/images/ProductImages/128738.jpg
128620;پریان دره ی انار;3,850,000 ریال;https://shahreketabonline.com/images/ProductImages/128620.jpg
128497;آهو (یک داستان عاشقانه);1,850,000 ریال;https://shahreketabonline.com/images/ProductImages/128497.jpg
128496;راز مرگ امیرعلی فرزانه;980,000 ریال;https://shahreketabonline.com/images/ProductImages/128496.jpg
128491;روایت های نامعتبر;1,360,000 ریال;https://shahreketabonline.com/images/ProductImages/128491.jpg
9789648223576;از راه و رفته و رفتار ;5,200,000 ریال;https://shahreketabonline.com/images/ProductImages/9789648223576.jpg
128414;ارزیابی شتابزده ;1,250,000 ریال;https://shahreketabonline.com/images/ProductImages/128414.jpg
128382;کلیله و دمنه (به زبان امروزی)  (ترمو);3,500,000 ریال;https://shahreketabonline.com/images/ProductImages/128382.jpg
128370;اضافه بار;800,000 ریال;https://shahreketabonline.com/images/ProductImages/128370.jpg
9782000123415;نیمی از وجودم;240,000 ریال;https://shahreketabonline.com/images/ProductImages/9782000123415.png
128402;ماه بر فراز آبادی;700,000 ریال;https://shahreketabonline.com/images/ProductImages/128402.jpg
128388;پریشان دل;2,170,000 ریال;https://shahreketabonline.com/images/ProductImages/128388.jpg
128369;رقص سرنوشت;1,800,000 ریال;https://shahreketabonline.com/images/ProductImages/128369.jpg
128178;در مسیر شاندیز ;4,750,000 ریال;https://shahreketabonline.com/images/ProductImages/128178.jpg
128316;درسا ;500,000 ریال;https://shahreketabonline.com/images/ProductImages/128316.jpg
128306;به امید دیدار;1,700,000 ریال;https://shahreketabonline.com/images/ProductImages/128306.jpg
128278;شبی که زهر شد;500,000 ریال;https://shahreketabonline.com/images/ProductImages/128278.jpg
128270;وقتی قرار شد بمانی;600,000 ریال;https://shahreketabonline.com/images/ProductImages/128270.jpg
128263;مه و دود ;850,000 ریال;https://shahreketabonline.com/images/ProductImages/128263.jpg
128238;گاو مش حسن;1,650,000 ریال;https://shahreketabonline.com/images/ProductImages/128238.jpg
128237;حقه باز ;1,580,000 ریال;https://shahreketabonline.com/images/ProductImages/128237.jpg
128214;جادو (مجموعه داستان);1,700,000 ریال;https://shahreketabonline.com/images/ProductImages/128214.jpg
128203;چمدان خاکستری احمد محمود;1,500,000 ریال;https://shahreketabonline.com/images/ProductImages/128203.jpg
128128;نگار ;3,600,000 ریال;https://shahreketabonline.com/images/ProductImages/128128.jpg
128059;کتاب ممنوع عشق (راز مرگ شاعر کولی ها);2,550,000 ریال;https://shahreketabonline.com/images/ProductImages/128059.jpg
128026;ملک بانو;780,000 ریال;https://shahreketabonline.com/images/ProductImages/128026.jpg
128022;نت های چوبی;5,500,000 ریال;https://shahreketabonline.com/images/ProductImages/128022.jpg
127912;این پرده را نخوانده بودم;3,750,000 ریال;https://shahreketabonline.com/images/ProductImages/127912.jpg
127903;توطئه آمیز 2;5,500,000 ریال;https://shahreketabonline.com/images/ProductImages/127903.jpg
128132;ریواس های بلند رودخانه تیزو ;1,500,000 ریال;https://shahreketabonline.com/images/ProductImages/128132.jpg
127968;مادرم دوبار گریست;3,450,000 ریال;https://shahreketabonline.com/images/ProductImages/127968.jpg
127614;مجموعه داستان های بی دانه;1,800,000 ریال;https://shahreketabonline.com/images/ProductImages/127614.jpg
127819;مناره های وارونه (چند داستان کوتاه);500,000 ریال;https://shahreketabonline.com/images/ProductImages/127819.jpg
127728;یک قدم تا بهشت;2,850,000 ریال;https://shahreketabonline.com/images/ProductImages/127728.jpg
127706;هفت جد ;2,490,000 ریال;https://shahreketabonline.com/images/ProductImages/127706.jpg
127695;خورشید خونین شده;1,700,000 ریال;https://shahreketabonline.com/images/ProductImages/127695.jpg
127590;بر شانه های خویش;1,450,000 ریال;https://shahreketabonline.com/images/ProductImages/127590.jpg
127431;همسفر;800,000 ریال;https://shahreketabonline.com/images/ProductImages/127431.jpg
127251;چشم زخم;4,950,000 ریال;https://shahreketabonline.com/images/ProductImages/127251.jpg
127240;تاب سواری لبه ی دنیا;1,105,000 ریال;https://shahreketabonline.com/images/ProductImages/127240.jpg
127239;دالان تاریک ;2,500,000 ریال;https://shahreketabonline.com/images/ProductImages/127239.jpg
127432;گلبرگ زخمی;2,400,000 ریال;https://shahreketabonline.com/images/ProductImages/127432.jpg
127423;سپیده ی سیاه;4,000,000 ریال;https://shahreketabonline.com/images/ProductImages/127423.jpg
127415;شعله های خشم ;1,320,000 ریال;https://shahreketabonline.com/images/ProductImages/127415.jpg
127408;آلیس ویلی;1,050,000 ریال;https://shahreketabonline.com/images/ProductImages/127408.jpg
127401;قلب آیینه شکست;3,950,000 ریال;https://shahreketabonline.com/images/ProductImages/127401.jpg
127136;دو منظره و داستان های دیگر;3,750,000 ریال;https://shahreketabonline.com/images/ProductImages/127136.jpg
127127;از طرف فرزند کوچک شما;800,000 ریال;https://shahreketabonline.com/images/ProductImages/127127.jpg
127357;وقتی خورشید غروب می کند;3,100,000 ریال;https://shahreketabonline.com/images/ProductImages/127357.jpg
127342;ماجده;1,950,000 ریال;https://shahreketabonline.com/images/ProductImages/127342.jpg
127323;دختری از جنس باران;4,850,000 ریال;https://shahreketabonline.com/images/ProductImages/127323.jpg
127279;حزب تهی مغزان;1,200,000 ریال;https://shahreketabonline.com/images/ProductImages/127279.jpg
127226;آلبوم عشق;1,050,000 ریال;https://shahreketabonline.com/images/ProductImages/127226.jpg
127222;از یاد بردن آقای چیز;3,400,000 ریال;https://shahreketabonline.com/images/ProductImages/127222.jpg
127131;جوهر سیاه;4,800,000 ریال;https://shahreketabonline.com/images/ProductImages/127131.jpg
127054;قرار عاشقی;1,250,000 ریال;https://shahreketabonline.com/images/ProductImages/127054.jpg
126991;افسون نامه 6 (کافه مینیمال);1,870,000 ریال;https://shahreketabonline.com/images/ProductImages/126991.jpg
127117;حکم بازی سرنوشت (2جلدی);8,500,000 ریال;https://shahreketabonline.com/images/ProductImages/127117.jpg
127081;قبیله;2,500,000 ریال;https://shahreketabonline.com/images/ProductImages/127081.jpg
126953;آهو و گرگ;2,000,000 ریال;https://shahreketabonline.com/images/ProductImages/126953.jpg
126776;شهد شیرین شفا (شفا یافتگان حرم امام رضا(ع));800,000 ریال;https://shahreketabonline.com/images/ProductImages/126776.jpg
126760;زام زام هستم از هپروت;2,000,000 ریال;https://shahreketabonline.com/images/ProductImages/126760.jpg
126668;ماضی قریب;900,000 ریال;https://shahreketabonline.com/images/ProductImages/126668.jpg
126597;دختر آسمان (مجموعه داستان کوتاه تخیلی);850,000 ریال;https://shahreketabonline.com/images/ProductImages/126597.jpg
126587;حکم طلا (روایتی نو از قضاوت های امام علی علیه السلام);990,000 ریال;https://shahreketabonline.com/images/ProductImages/126587.jpg
126950;همه برای یکی;4,800,000 ریال;https://shahreketabonline.com/images/ProductImages/126950.jpg
126946;غریبانه می بارد;3,200,000 ریال;https://shahreketabonline.com/images/ProductImages/126946.jpg
126910;عاشق شدم;1,180,000 ریال;https://shahreketabonline.com/images/ProductImages/126910.jpg
126908;کوچه اتفاق;2,500,000 ریال;https://shahreketabonline.com/images/ProductImages/126908.jpg
126870;گرانیگاه;3,500,000 ریال;https://shahreketabonline.com/images/ProductImages/126870.jpg
126837;رمان آینده طهران ;900,000 ریال;https://shahreketabonline.com/images/ProductImages/126837.jpg
126813;پیچ های خشکیده امین الدوله;3,500,000 ریال;https://shahreketabonline.com/images/ProductImages/126813.jpg
126812;چزار;1,800,000 ریال;https://shahreketabonline.com/images/ProductImages/126812.jpg
126791;شب بازی;1,500,000 ریال;https://shahreketabonline.com/images/ProductImages/126791.jpg
126780;شلیک به عشق;1,800,000 ریال;https://shahreketabonline.com/images/ProductImages/126780.jpg
126671;ضد نور;4,000,000 ریال;https://shahreketabonline.com/images/ProductImages/126671.jpg
126670;رنج های عزیز;2,100,000 ریال;https://shahreketabonline.com/images/ProductImages/126670.jpg
126615;سپیدارهای آشنا (2جلدی);8,300,000 ریال;https://shahreketabonline.com/images/ProductImages/126615.jpg
126599;خاموشی;3,500,000 ریال;https://shahreketabonline.com/images/ProductImages/126599.jpg
126579;خورشید تنها نیست;1,300,000 ریال;https://shahreketabonline.com/images/ProductImages/126579.jpg
125216;اگر نی پرده ای دیگر بخواند ;1,450,000 ریال;https://shahreketabonline.com/images/ProductImages/125216.jpg
125683;صمد بهرنگی (مجموعه آثار);5,500,000 ریال;https://shahreketabonline.com/images/ProductImages/125683.jpg
125136;نام من عشق (مجموعه داستان و شعر);2,200,000 ریال;https://shahreketabonline.com/images/ProductImages/125136.jpg
125016;زیر پل رنگین کمان (داستانی بر بنیاد زندگی دکتر قدمعلی سرامی);1,990,000 ریال;https://shahreketabonline.com/images/ProductImages/125016.jpg
125976;مردی که همه چیز می دانست ;1,500,000 ریال;https://shahreketabonline.com/images/ProductImages/125976.jpg
125960;قصه های نوشین (حکایت ها و حکمت های انوشیروان عادل);2,300,000 ریال;https://shahreketabonline.com/images/ProductImages/125960.jpg
125569;مار عاشق ;1,150,000 ریال;https://shahreketabonline.com/images/ProductImages/125569.jpg
124432;قصه جو 2 (گزیده جستارهای بخش علمی);300,000 ریال;https://shahreketabonline.com/images/ProductImages/124432.jpg
124431;قصه جو 1 (گزیده جستارهای بخش علمی);350,000 ریال;https://shahreketabonline.com/images/ProductImages/124431.jpg
125931;آن پری زاد سبزپوش ;1,600,000 ریال;https://shahreketabonline.com/images/ProductImages/125931.jpg
103073;شهروند نمونه (داستان کوتاه11);570,000 ریال;https://shahreketabonline.com/images/ProductImages/103073.jpg
120648;شبیه دیگران ;680,000 ریال;https://shahreketabonline.com/images/ProductImages/120648.jpg
125826;خوراک خرگوش با سس 1001 شب برای شیر زیرشلواری پوش ;1,790,000 ریال;https://shahreketabonline.com/images/ProductImages/125826.jpg
3967;زنده بگور (متن کامل);1,000,000 ریال;https://shahreketabonline.com/images/ProductImages/3967.jpg
126495;ریشه در آب (ناگفته های تلخ و شیرین مهاجران);2,200,000 ریال;https://shahreketabonline.com/images/ProductImages/126495.jpg
125822;داستان واره های احکام برای بچه ها ;950,000 ریال;https://shahreketabonline.com/images/ProductImages/125822.jpg
126437;من امیلی نیستم ;1,500,000 ریال;https://shahreketabonline.com/images/ProductImages/126437.jpg
126408;تله های زیر برف و داستان های دیگر .  .  .  ;880,000 ریال;https://shahreketabonline.com/images/ProductImages/126408.jpg
122226;شاهنامه نظم  نثر (68جلدی  2زبانه);40,800,000 ریال;https://shahreketabonline.com/images/ProductImages/122226.jpg
121358;جزیره سبز ;1,050,000 ریال;https://shahreketabonline.com/images/ProductImages/121358.jpg
121174;حس هفتم (مجموعه داستان);580,000 ریال;https://shahreketabonline.com/images/ProductImages/121174.jpg
121101;رقص با سایه های ناسوت ;2,500,000 ریال;https://shahreketabonline.com/images/ProductImages/121101.jpg
120477;کیمیاگر 2 (نجات دنیا);699,000 ریال;https://shahreketabonline.com/images/ProductImages/120477.jpg
18090;سیاه بمبک ;750,000 ریال;https://shahreketabonline.com/images/ProductImages/18090.jpg
120331;سر رشته ;650,000 ریال;https://shahreketabonline.com/images/ProductImages/120331.jpg
120181;بازرگان و غلام (زیباترین قصه های ایرانی  برگزیده هایی از مرزبان نامه);350,000 ریال;https://shahreketabonline.com/images/ProductImages/120181.jpg
120180;پادشاه و منجم (زیباترین قصه های ایرانی  برگزیده هایی از مرزبان نامه);350,000 ریال;https://shahreketabonline.com/images/ProductImages/120180.jpg
120179;مرد عارف و هدهد (زیباترین قصه های ایرانی  برگزیده هایی از مرزبان نامه);350,000 ریال;https://shahreketabonline.com/images/ProductImages/120179.jpg
120178;3 شریک راهزن (زیباترین قصه های ایرانی  برگزیده هایی از مرزبان نامه);350,000 ریال;https://shahreketabonline.com/images/ProductImages/120178.jpg
120176;باران و کمی پنجره ;540,000 ریال;https://shahreketabonline.com/images/ProductImages/120176.jpg
120122;نوستالژی و چند داستان دیگر ;550,000 ریال;https://shahreketabonline.com/images/ProductImages/120122.jpg
49416;100 میدان  100 قصه از میدان های 100 گانه ی نارمک (ادب خیال45);240,000 ریال;https://shahreketabonline.com/images/ProductImages/49416.jpg
119325;گدار (خاطرات 1 دهه شصتی);750,000 ریال;https://shahreketabonline.com/images/ProductImages/119325.jpg
119139;معجزه معلق (مدرسه رمان);1,200,000 ریال;https://shahreketabonline.com/images/ProductImages/119139.jpg
97368;مجموعه آثار صادق هدایت (12جلدی);15,000,000 ریال;https://shahreketabonline.com/images/ProductImages/97368.jpg
118985;آواز پرواز (زندگی نامه داستانی شهید عباس بابایی);700,000 ریال;https://shahreketabonline.com/images/ProductImages/118985.jpg
118920;ریمدو و 2 داستان دیگر ;1,200,000 ریال;https://shahreketabonline.com/images/ProductImages/118920.jpg
61293;کتاب سخنگو پینه دوز و شاه عباس ;140,000 ریال;https://shahreketabonline.com/images/ProductImages/61293.jpg
125543;به نام نامی سر ;600,000 ریال;https://shahreketabonline.com/images/ProductImages/125543.jpg
17600;شاهی از دوران خویش (شکار شیر در تاریکی);950,000 ریال;https://shahreketabonline.com/images/ProductImages/17600.jpg
126153;7301 روز بعد ;1,250,000 ریال;https://shahreketabonline.com/images/ProductImages/126153.jpg
126345;سوپاپ ;1,000,000 ریال;https://shahreketabonline.com/images/ProductImages/126345.jpg
126344;منشاء بوی بد تهران ;860,000 ریال;https://shahreketabonline.com/images/ProductImages/126344.jpg
125744;آنسوی مه ;2,300,000 ریال;https://shahreketabonline.com/images/ProductImages/125744.jpg
126093;بانو گوهرشاد (زندگی نامه ی داستانی);400,000 ریال;https://shahreketabonline.com/images/ProductImages/126093.jpg
126312;مسافر زمین ;1,750,000 ریال;https://shahreketabonline.com/images/ProductImages/126312.jpg
125710;در خلوت عشق علیه السلام ;850,000 ریال;https://shahreketabonline.com/images/ProductImages/125710.jpg
125709;عطر خیال ;4,950,000 ریال;https://shahreketabonline.com/images/ProductImages/125709.jpg
125705;سربازهای پیاده به انتها نمی رسند ;2,200,000 ریال;https://shahreketabonline.com/images/ProductImages/125705.jpg
125006;تپش های بی صدا ;4,160,000 ریال;https://shahreketabonline.com/images/ProductImages/125006.jpg
125668;سفر با اشباح شمالی ;1,200,000 ریال;https://shahreketabonline.com/images/ProductImages/125668.jpg
125655;بازرس ;1,800,000 ریال;https://shahreketabonline.com/images/ProductImages/125655.jpg
125714;وقتی حیات خواب بود ;750,000 ریال;https://shahreketabonline.com/images/ProductImages/125714.jpg
125712;میحانه  میحانه ;1,650,000 ریال;https://shahreketabonline.com/images/ProductImages/125712.jpg
125711;نور چشمی ;750,000 ریال;https://shahreketabonline.com/images/ProductImages/125711.jpg
125167;نون والقلم ;1,650,000 ریال;https://shahreketabonline.com/images/ProductImages/125167.jpg
125994;کوک محکم تری به دکمه ات بزن ;1,350,000 ریال;https://shahreketabonline.com/images/ProductImages/125994.jpg
126275;یغما ;5,700,000 ریال;https://shahreketabonline.com/images/ProductImages/126275.jpg
125973;ولگردان تهران ;1,000,000 ریال;https://shahreketabonline.com/images/ProductImages/125973.jpg
125971;دنیای سیاوش ;2,700,000 ریال;https://shahreketabonline.com/images/ProductImages/125971.jpg
124595;لانه ویرانی (2جلدی);5,000,000 ریال;https://shahreketabonline.com/images/ProductImages/124595.jpg
77790;مدیر مدرسه ;590,000 ریال;https://shahreketabonline.com/images/ProductImages/77790.jpg
125489;عروس گلخانه ;1,600,000 ریال;https://shahreketabonline.com/images/ProductImages/125489.jpg
125510;از زندگی نهراسیدیم ;1,350,000 ریال;https://shahreketabonline.com/images/ProductImages/125510.jpg
120645;علف هرز ;1,700,000 ریال;https://shahreketabonline.com/images/ProductImages/120645.jpg
120644;راز چهاردهم جولای ;2,700,000 ریال;https://shahreketabonline.com/images/ProductImages/120644.jpg
120643;شکارچیان ماه ;1,650,000 ریال;https://shahreketabonline.com/images/ProductImages/120643.jpg
125485;دختر شالی  عطر خزر ;2,980,000 ریال;https://shahreketabonline.com/images/ProductImages/125485.jpg
125348;1 زن تئوری در کافه بیتلز (براساس 1 روایت واقعی);1,650,000 ریال;https://shahreketabonline.com/images/ProductImages/125348.jpg
125346;حوالی پاییز ;4,470,000 ریال;https://shahreketabonline.com/images/ProductImages/125346.jpg
125480;ماه من بمان ;3,750,000 ریال;https://shahreketabonline.com/images/ProductImages/125480.jpg
125479;بی دل ;4,500,000 ریال;https://shahreketabonline.com/images/ProductImages/125479.jpg
125478;سوگل ;3,450,000 ریال;https://shahreketabonline.com/images/ProductImages/125478.jpg
126472;درد قانون نمیشناسد ;1,000,000 ریال;https://shahreketabonline.com/images/ProductImages/126472.jpg
125410;فرنگیس مرده است ;1,350,000 ریال;https://shahreketabonline.com/images/ProductImages/125410.jpg
125400;مترسک ;1,650,000 ریال;https://shahreketabonline.com/images/ProductImages/125400.jpg
125880;میکائیل ;2,800,000 ریال;https://shahreketabonline.com/images/ProductImages/125880.jpg
125878;ئاگر ;3,200,000 ریال;https://shahreketabonline.com/images/ProductImages/125878.jpg
125875;سرزمین من باران می خواهد ;3,240,000 ریال;https://shahreketabonline.com/images/ProductImages/125875.jpg
119922;به رنگ شب ;2,350,000 ریال;https://shahreketabonline.com/images/ProductImages/119922.jpg
125414;عزیز جون ;4,500,000 ریال;https://shahreketabonline.com/images/ProductImages/125414.jpg
125355;نه مثل دایی یغما ;980,000 ریال;https://shahreketabonline.com/images/ProductImages/125355.jpg
71604;بهشت و برهوت ;1,800,000 ریال;https://shahreketabonline.com/images/ProductImages/71604.jpg
126446;ملیجک ;2,100,000 ریال;https://shahreketabonline.com/images/ProductImages/126446.jpg
125764;ریموند و کشتی ناخدا ;1,900,000 ریال;https://shahreketabonline.com/images/ProductImages/125764.jpg
122341;عمارت احتشام ;3,800,000 ریال;https://shahreketabonline.com/images/ProductImages/122341.jpg
120286;برکه ;1,600,000 ریال;https://shahreketabonline.com/images/ProductImages/120286.jpg
122940;چشم هایی به رنگ عسل ;2,400,000 ریال;https://shahreketabonline.com/images/ProductImages/122940.jpg
122730;می توانی مرا بکشی ;1,184,000 ریال;https://shahreketabonline.com/images/ProductImages/122730.jpg
122429;هومان ;850,000 ریال;https://shahreketabonline.com/images/ProductImages/122429.jpg
122427;پلمب ;1,250,000 ریال;https://shahreketabonline.com/images/ProductImages/122427.jpg
122059;محمود ;900,000 ریال;https://shahreketabonline.com/images/ProductImages/122059.jpg
121694;اعجوبه ها ;2,000,000 ریال;https://shahreketabonline.com/images/ProductImages/121694.jpg
121645;سمپاتها زودتر می میرند ;1,600,000 ریال;https://shahreketabonline.com/images/ProductImages/121645.jpg
121407;اما تو جانم می بری ;3,500,000 ریال;https://shahreketabonline.com/images/ProductImages/121407.jpg
121336;دوئل دل ;3,000,000 ریال;https://shahreketabonline.com/images/ProductImages/121336.jpg
121335;چون آب در آبگینه (2جلدی);3,300,000 ریال;https://shahreketabonline.com/images/ProductImages/121335.jpg
121333;میان لاشه ی ایستگاه متروکه ;4,000,000 ریال;https://shahreketabonline.com/images/ProductImages/121333.jpg
121332;در سایه سار بید ;4,000,000 ریال;https://shahreketabonline.com/images/ProductImages/121332.jpg
121328;خیابان 1 طرفه ;3,700,000 ریال;https://shahreketabonline.com/images/ProductImages/121328.jpg
121327;باز باران (2جلدی);5,000,000 ریال;https://shahreketabonline.com/images/ProductImages/121327.jpg
121326;سارا ;2,480,000 ریال;https://shahreketabonline.com/images/ProductImages/121326.jpg
121321;با ماهی ها غرق می شوم ;2,250,000 ریال;https://shahreketabonline.com/images/ProductImages/121321.jpg
121316;تبعید به سرزمین کتاب ها ;1,400,000 ریال;https://shahreketabonline.com/images/ProductImages/121316.jpg
121313;آمور ;900,000 ریال;https://shahreketabonline.com/images/ProductImages/121313.jpg
121305;عاصی ;3,820,000 ریال;https://shahreketabonline.com/images/ProductImages/121305.jpg
121294;فصل توت (3جلدی);9,500,000 ریال;https://shahreketabonline.com/images/ProductImages/121294.jpg
121197;زادگاه افسانه های مرگ ;2,000,000 ریال;https://shahreketabonline.com/images/ProductImages/121197.jpg
121160;خواهران برونته  جهان واقعی و گرفتار ;950,000 ریال;https://shahreketabonline.com/images/ProductImages/121160.jpg
121133;گاهی .  .  .  ;3,000,000 ریال;https://shahreketabonline.com/images/ProductImages/121133.jpg
121132;فرار از سنت ;2,000,000 ریال;https://shahreketabonline.com/images/ProductImages/121132.jpg
121027;درخت گیلاس ;1,000,000 ریال;https://shahreketabonline.com/images/ProductImages/121027.jpg
121009;داستان 1 سرگذشت ;1,650,000 ریال;https://shahreketabonline.com/images/ProductImages/121009.jpg
120940;1 روایت با چند احتمال ;1,380,000 ریال;https://shahreketabonline.com/images/ProductImages/120940.jpg
120918;موج اف . ام  ردیف بی قراری ;4,700,000 ریال;https://shahreketabonline.com/images/ProductImages/120918.jpg
120637;مدرسه شبانه ;1,550,000 ریال;https://shahreketabonline.com/images/ProductImages/120637.jpg
120634;شرح الف خمیده ;1,050,000 ریال;https://shahreketabonline.com/images/ProductImages/120634.jpg
120536;مهین بانو مادرم ;1,200,000 ریال;https://shahreketabonline.com/images/ProductImages/120536.jpg
18091;کمینگاه خورشید ;1,200,000 ریال;https://shahreketabonline.com/images/ProductImages/18091.jpg
18085;دردانه ;1,550,000 ریال;https://shahreketabonline.com/images/ProductImages/18085.jpg
18079;شکست خوردگان تقدیر ;850,000 ریال;https://shahreketabonline.com/images/ProductImages/18079.jpg
17993;این یادداشت ها را برای تو می نویسم ;2,100,000 ریال;https://shahreketabonline.com/images/ProductImages/17993.jpg
17923;بگذار تا بگریم ;650,000 ریال;https://shahreketabonline.com/images/ProductImages/17923.jpg
17922;دلم تنگ است ;2,250,000 ریال;https://shahreketabonline.com/images/ProductImages/17922.jpg
17908;وسوسه شیطان ;1,550,000 ریال;https://shahreketabonline.com/images/ProductImages/17908.jpg
17906;باغ تلو ;950,000 ریال;https://shahreketabonline.com/images/ProductImages/17906.jpg
17895;آقا نیلو ;1,750,000 ریال;https://shahreketabonline.com/images/ProductImages/17895.jpg
17846;شیفته ;1,350,000 ریال;https://shahreketabonline.com/images/ProductImages/17846.jpg
17830;همسفر ;750,000 ریال;https://shahreketabonline.com/images/ProductImages/17830.jpg
17657;کیش گم کردگان ;1,350,000 ریال;https://shahreketabonline.com/images/ProductImages/17657.jpg
17654;مرهمی بر زخم کهنه ;1,550,000 ریال;https://shahreketabonline.com/images/ProductImages/17654.jpg
17634;شوک پاریسی ;1,850,000 ریال;https://shahreketabonline.com/images/ProductImages/17634.jpg
17613;رقص باد و آب ;1,350,000 ریال;https://shahreketabonline.com/images/ProductImages/17613.jpg
17611;من حرف دارم ;425,000 ریال;https://shahreketabonline.com/images/ProductImages/17611.jpg
17592;فرشته های لعنت شده ;1,150,000 ریال;https://shahreketabonline.com/images/ProductImages/17592.jpg
120325;سودازده ;3,200,000 ریال;https://shahreketabonline.com/images/ProductImages/120325.jpg
120324;پاییز 1 زن ;2,500,000 ریال;https://shahreketabonline.com/images/ProductImages/120324.jpg
120274;لوبیای آمریکایی ;795,000 ریال;https://shahreketabonline.com/images/ProductImages/120274.jpg
120164;پناه ترنج ;2,500,000 ریال;https://shahreketabonline.com/images/ProductImages/120164.jpg
120162;پرواز 1 پرنده ;1,500,000 ریال;https://shahreketabonline.com/images/ProductImages/120162.jpg
120103;گلپری ;3,200,000 ریال;https://shahreketabonline.com/images/ProductImages/120103.jpg
119908;ضربان پیله ی زخمی ;850,000 ریال;https://shahreketabonline.com/images/ProductImages/119908.jpg
119627;شیدایی ;1,200,000 ریال;https://shahreketabonline.com/images/ProductImages/119627.jpg
27079;سایه های عشق ;1,700,000 ریال;https://shahreketabonline.com/images/ProductImages/27079.jpg
75879;هرمیس (2جلدی);6,600,000 ریال;https://shahreketabonline.com/images/ProductImages/75879.jpg
119384;هورزاد ;1,400,000 ریال;https://shahreketabonline.com/images/ProductImages/119384.jpg
74033;دندان گرگ ;1,000,000 ریال;https://shahreketabonline.com/images/ProductImages/74033.jpg
119140;شکینا (مدرسه رمان);1,320,000 ریال;https://shahreketabonline.com/images/ProductImages/119140.jpg
8400;کوه شیشه ای ;1,680,000 ریال;https://shahreketabonline.com/images/ProductImages/8400.jpg
66326;تاتار خندان ;850,000 ریال;https://shahreketabonline.com/images/ProductImages/66326.jpg
66281;کتاب سخنگو کافه نادری ;1,160,000 ریال;https://shahreketabonline.com/images/ProductImages/66281.jpg
118917;حروفچین ;1,580,000 ریال;https://shahreketabonline.com/images/ProductImages/118917.jpg
82463;آنک آن یتیم نظر کرده (رمان زندگی پیامبر  مجلد اول و دوم);2,500,000 ریال;https://shahreketabonline.com/images/ProductImages/82463.jpg
118792;ریسمان قسم ;4,000,000 ریال;https://shahreketabonline.com/images/ProductImages/118792.jpg
9786220111856;رادیو هنوز یک راز بود (روایت هایی درباره کتاب و نوشتن);980,000 ریال;https://shahreketabonline.com/images/ProductImages/9786220111856.jpg
9786004059213;شاه کابل مطرب خرابات;1,850,000 ریال;https://shahreketabonline.com/images/ProductImages/9786004059213.jpg
126625;گزارش آخرین تابستان;3,000,000 ریال;https://shahreketabonline.com/images/ProductImages/126625.jpg
9786004058339;خداحافظ مندلیف;1,500,000 ریال;https://shahreketabonline.com/images/ProductImages/9786004058339.jpg
9786220111511;برآمدن آفتاب زمستانی ;1,800,000 ریال;https://shahreketabonline.com/images/ProductImages/9786220111511.jpg
125130;تهران مخوف (2جلدی);4,200,000 ریال;https://shahreketabonline.com/images/ProductImages/125130.jpg
125088;نقطه های تاریک;2,960,000 ریال;https://shahreketabonline.com/images/ProductImages/125088.jpg
124968;عمارت پری زادگان (رمان ایرانی);1,400,000 ریال;https://shahreketabonline.com/images/ProductImages/124968.jpg
124800;چوب خط اوهام;3,750,000 ریال;https://shahreketabonline.com/images/ProductImages/124800.jpg
124797;طلوع دلتنگی;3,350,000 ریال;https://shahreketabonline.com/images/ProductImages/124797.jpg
124726;قانقاریا (یک تراژدی در همین نزدیکی);1,600,000 ریال;https://shahreketabonline.com/images/ProductImages/124726.jpg
124706;ماهی زلال پرست;6,200,000 ریال;https://shahreketabonline.com/images/ProductImages/124706.jpg
124684;پارتیتور آرمان;650,000 ریال;https://shahreketabonline.com/images/ProductImages/124684.jpg
124540;عمارت شوم ;2,500,000 ریال;https://shahreketabonline.com/images/ProductImages/124540.jpg
123850;THE HOUSEMAIDS SECRET  راز خدمتکار (زبان اصلی  انگلیسی);1,880,000 ریال;https://shahreketabonline.com/images/ProductImages/123850.jpg
124266;سیب و جیب (گلاسه);400,000 ریال;https://shahreketabonline.com/images/ProductImages/124266.jpg
123933;تانک آرزوها ;550,000 ریال;https://shahreketabonline.com/images/ProductImages/123933.jpg
124127;اواخر بهار و اواخر تابستان و اواخر پاییز و تمام زمستان (همراه با 12عدد کارت پستال);950,000 ریال;https://shahreketabonline.com/images/ProductImages/124127.jpg
123928;مهکام;5,850,000 ریال;https://shahreketabonline.com/images/ProductImages/123928.jpg
124396;حوای زیادی;1,200,000 ریال;https://shahreketabonline.com/images/ProductImages/124396.jpg
124377;از رنجی که می بریم ;650,000 ریال;https://shahreketabonline.com/images/ProductImages/124377.jpg
124336;او را صدا بزن;880,000 ریال;https://shahreketabonline.com/images/ProductImages/124336.jpg
124275;نم نم باران پاییزی;2,300,000 ریال;https://shahreketabonline.com/images/ProductImages/124275.jpg
124185;شرلوک هولمز در ترانه های ممنوعه;714,000 ریال;https://shahreketabonline.com/images/ProductImages/124185.jpg
124106;راهی که آیما می رود;2,400,000 ریال;https://shahreketabonline.com/images/ProductImages/124106.jpg
124099;بشنو احساسم را ;5,500,000 ریال;https://shahreketabonline.com/images/ProductImages/124099.jpg
124502;ساعت پانزده و هفده دقیقه ;1,250,000 ریال;https://shahreketabonline.com/images/ProductImages/124502.jpg
123825;دم اسبی;1,400,000 ریال;https://shahreketabonline.com/images/ProductImages/123825.jpg
123739;بنفشه ها هم می خندند ;400,000 ریال;https://shahreketabonline.com/images/ProductImages/123739.jpg
123694;هویت گم شده (مجموعه داستان کوتاه);580,000 ریال;https://shahreketabonline.com/images/ProductImages/123694.jpg
123727;شبحی در پشت بام;700,000 ریال;https://shahreketabonline.com/images/ProductImages/123727.jpg
123721;صادقانه;950,000 ریال;https://shahreketabonline.com/images/ProductImages/123721.jpg
123500;اسم رمز;600,000 ریال;https://shahreketabonline.com/images/ProductImages/123500.jpg
123457;چهره ها در شاهنامه;3,800,000 ریال;https://shahreketabonline.com/images/ProductImages/123457.jpg
123795;آبی به شب نزدیک تر است;1,500,000 ریال;https://shahreketabonline.com/images/ProductImages/123795.jpg
123775;خدا در خانه است ;980,000 ریال;https://shahreketabonline.com/images/ProductImages/123775.jpg
123759;پاییز مرا تو رنگ بزن;2,750,000 ریال;https://shahreketabonline.com/images/ProductImages/123759.jpg
123750;خداحافظ آنا گاوالدا ;2,500,000 ریال;https://shahreketabonline.com/images/ProductImages/123750.jpg
123683;کمون مردگان یا مرثیه ای برای پیراهن خونی سوفیا;1,300,000 ریال;https://shahreketabonline.com/images/ProductImages/123683.jpg
123729;عمارت پیر;700,000 ریال;https://shahreketabonline.com/images/ProductImages/123729.jpg
123639;لطفا پدرم باش (رمانی برای درک اثرات مخرب پدر غایب بر روابط عاشقانه دختران);1,660,000 ریال;https://shahreketabonline.com/images/ProductImages/123639.jpg
123634;حوالی چهل سالگی;750,000 ریال;https://shahreketabonline.com/images/ProductImages/123634.jpg
123565;پس از آن شب;4,650,000 ریال;https://shahreketabonline.com/images/ProductImages/123565.jpg
123561;سال های عقرب;1,700,000 ریال;https://shahreketabonline.com/images/ProductImages/123561.jpg
123551;تسلیم عشق;1,900,000 ریال;https://shahreketabonline.com/images/ProductImages/123551.jpg
123549;دهمین روز زمستان;2,600,000 ریال;https://shahreketabonline.com/images/ProductImages/123549.jpg
123547;هیلمی;2,300,000 ریال;https://shahreketabonline.com/images/ProductImages/123547.jpg
123546;ایستگاه مرکزی مالمو;1,200,000 ریال;https://shahreketabonline.com/images/ProductImages/123546.jpg
123455;یکه سوار;2,650,000 ریال;https://shahreketabonline.com/images/ProductImages/123455.jpg
123370;You Know the Commander  فرمانده شناسی (زبان اصلی  انگلیسی);150,000 ریال;https://shahreketabonline.com/images/ProductImages/123370.jpg
123408;ترانه می خواند;1,280,000 ریال;https://shahreketabonline.com/images/ProductImages/123408.jpg
123312;سلام بر لیلی;3,300,000 ریال;https://shahreketabonline.com/images/ProductImages/123312.jpg
123308;می شود جان من باشی;4,200,000 ریال;https://shahreketabonline.com/images/ProductImages/123308.jpg
123302;بار دیگر زندگی;4,200,000 ریال;https://shahreketabonline.com/images/ProductImages/123302.jpg
123297;صاد;3,100,000 ریال;https://shahreketabonline.com/images/ProductImages/123297.jpg
123256;قصه های پنجشنبه;650,000 ریال;https://shahreketabonline.com/images/ProductImages/123256.jpg
123254;آجر کج;3,900,000 ریال;https://shahreketabonline.com/images/ProductImages/123254.jpg
123249;روزگار تب;2,400,000 ریال;https://shahreketabonline.com/images/ProductImages/123249.jpg
123194;رنگین کمان کلاسیک 4 (آن شرلی در گرین گیبلز);3,300,000 ریال;https://shahreketabonline.com/images/ProductImages/123194.jpg
123193;رنگین کمان کلاسیک 3 (شاهزاده خانم کوچولو);2,750,000 ریال;https://shahreketabonline.com/images/ProductImages/123193.jpg
123191;رنگین کمان کلاسیک 1 (باغ مخفی);2,900,000 ریال;https://shahreketabonline.com/images/ProductImages/123191.jpg
123181;راهنمای پدینگتون بودن;1,950,000 ریال;https://shahreketabonline.com/images/ProductImages/123181.jpg
123125;گربه ی یک چشم;830,000 ریال;https://shahreketabonline.com/images/ProductImages/123125.jpg
123108;فرزند پیله;3,500,000 ریال;https://shahreketabonline.com/images/ProductImages/123108.jpg
123094;کان لم یکن;552,500 ریال;https://shahreketabonline.com/images/ProductImages/123094.jpg
123065;رقص سایه ها;800,000 ریال;https://shahreketabonline.com/images/ProductImages/123065.jpg
123029;گم شهر;2,400,000 ریال;https://shahreketabonline.com/images/ProductImages/123029.jpg
123016;دیدار دو دریا (چهل روایت داستانی درباره شمس و مولانا);1,875,000 ریال;https://shahreketabonline.com/images/ProductImages/123016.jpg
123010;نفسم باش;5,330,000 ریال;https://shahreketabonline.com/images/ProductImages/123010.jpg
123006;مجاز;1,000,000 ریال;https://shahreketabonline.com/images/ProductImages/123006.jpg
123000;حسرت درناها ;1,600,000 ریال;https://shahreketabonline.com/images/ProductImages/123000.jpg
122961;اسارتی برای پرواز;2,850,000 ریال;https://shahreketabonline.com/images/ProductImages/122961.jpg
122935;داستان های ایرانی (2جلدی);1,200,000 ریال;https://shahreketabonline.com/images/ProductImages/122935.jpg
توطئه آميز 1 (شميز،رقعي،آراسبان);توطئه آمیز 1;4,800,000 ریال;https://shahreketabonline.com/images/ProductImages/توطئه آميز 1 (شميز،رقعي،آراسبان).jpg
122628;تلاطم;5,200,000 ریال;https://shahreketabonline.com/images/ProductImages/122628.jpg
122553;میلیون ها سایه خاکستری;850,000 ریال;https://shahreketabonline.com/images/ProductImages/122553.jpg
122551;از من خداحافظ;1,320,000 ریال;https://shahreketabonline.com/images/ProductImages/122551.jpg
122550;دیما;2,100,000 ریال;https://shahreketabonline.com/images/ProductImages/122550.jpg
122549;بنفشه   یک حسابدار معمولی;1,520,000 ریال;https://shahreketabonline.com/images/ProductImages/122549.jpg
122548;نشستگان;1,520,000 ریال;https://shahreketabonline.com/images/ProductImages/122548.jpg
122539;قدم های سر به هوا;1,200,000 ریال;https://shahreketabonline.com/images/ProductImages/122539.jpg
122536;فادیا (بازگشت به خانه 1);1,200,000 ریال;https://shahreketabonline.com/images/ProductImages/122536.jpg
122534;یاس کبود;1,300,000 ریال;https://shahreketabonline.com/images/ProductImages/122534.jpg
122533;دیدار در ونیز (2جلدی);6,000,000 ریال;https://shahreketabonline.com/images/ProductImages/122533.jpg
122529;زلال (شهید سیدرضا پورموسوی);1,600,000 ریال;https://shahreketabonline.com/images/ProductImages/122529.jpg
122530;پرواز از فرنگ;580,000 ریال;https://shahreketabonline.com/images/ProductImages/122530.jpg
122508;اقتباس;3,250,000 ریال;https://shahreketabonline.com/images/ProductImages/122508.jpg
122486;آله و آلاله;3,299,000 ریال;https://shahreketabonline.com/images/ProductImages/122486.jpg
